1;1Kg
1;2kg
1;5Kg
1;10Kg
1;20kg
2;1kg
2;2Kg
2;5kg
2;10Kg
2;20kg
3;1 liter
3;4 liter
3;10 liter
3;15 liter
3;20 liter
4;1 liter
4;4 liter
4;10 liter
4;20 liter
5;1 liter
5;4 liter
5;10 liter
5;20 liter
6;1 liter
6;4 liter
6;10 liter
6;20 liter
7;200ml
7;1 liter
7;4 liter
7;10 liter
7;20 liter
8;1 liter
8;4 liter
8;10 liter
8;20 liter
9;1 liter
9;4 liter
9;10 liter
9;20 liter
10;1 liter
10;4 liter
10;10 liter
10;20 liter
11;1 liter
11;4 liter
11;10 liter
11;20 liter
12;1 liter
12;4 liter
12;10 liter
12;20 liter
13;1 liter
13;4 liter
13;10 liter
13;20 liter
14;1 liter
14;4 liter
14;10 liter
14;20 liter
15;1 liter
15;4 liter
15;10 liter
15;20 liter
16;20 liter
17;1 liter
17;4 liter
17;10 liter
17;20 liter